{
  "validate_deck": {
    "mean": 0.14554979861713946,
    "median": 0.0007500057108700275,
    "min": 0.000500003807246685,
    "max": 0.723707998986356,
    "stdev": 0.32320106591917325,
    "runs": 5
  },
  "analyze_deck": {
    "mean": 1.6616001958027482,
    "median": 0.9342919947812334,
    "min": 0.829249998787418,
    "max": 4.714333001174964,
    "stdev": 1.707654584523449,
    "runs": 5
  },
  "export_text": {
    "mean": 0.003399999695830047,
    "median": 0.002833010512404144,
    "min": 0.0017090060282498598,
    "max": 0.005875001079402864,
    "stdev": 0.001859644499062236,
    "runs": 5
  },
  "export_json": {
    "mean": 0.006549802492372692,
    "median": 0.004375004209578037,
    "min": 0.003000008291564882,
    "max": 0.01504199462942779,
    "stdev": 0.005031846655778184,
    "runs": 5
  },
  "suggest_basic": {
    "mean": 418.11117499892134,
    "median": 21.829707999131642,
    "min": 20.910249993903562,
    "max": 2004.470375002711,
    "stdev": 886.8018361534049,
    "runs": 5
  },
  "suggest_with_combos": {
    "mean": 21.543600005679764,
    "median": 21.2067500106059,
    "min": 20.469082999625243,
    "max": 23.023125002509914,
    "stdev": 1.1178423129767665,
    "runs": 5
  },
  "suggest_with_explanations": {
    "mean": 10.500222337820256,
    "median": 8.3306669985177,
    "min": 7.858708006097004,
    "max": 15.311292008846067,
    "stdev": 4.1731858162835245,
    "runs": 3
  }
}